image_name,char_count,line_count
1746604953808_jpg.rf.f7d54be68f2100e0494ee79db1528700.jpg,469,21
1746604974570_jpg.rf.67d0ab9720c42603a839538626cd1eed.jpg,437,47
1746605006783_jpg.rf.a5813c73bed80d0b35badbdbc1047da0.jpg,559,30
1746605022931_jpg.rf.ed92ca5ee22a8d810e95b287720c838d.jpg,469,50
1746605089736_jpg.rf.14011d6cdf299a36ee5e05d2ffd4c812.jpg,176,17
1746605105440_jpg.rf.ad6bd2b33b1c5308913fb2eca3255c45.jpg,325,26
1746611724732_jpg.rf.12603faca3918e63b0f4d924b1e2e8bc.jpg,196,19
1746611732534_jpg.rf.2aac30e3615473984e42cc56b27f30cf.jpg,768,52
1746611762108_jpg.rf.8315c78ec571463df517045164185624.jpg,69,8
1746611776649_jpg.rf.11ba85fd4d827637d571bb60e0a96642.jpg,612,54
1746611789320_jpg.rf.c33ce62f4e23cd9fad93fe76ed52ed5b.jpg,113,12
1746611807238_jpg.rf.02f9f264e7be75699b908ae136d9d163.jpg,88,11
1746615746284_jpg.rf.e828a913980ddd3b9c3df1d1e75be567.jpg,293,21
1746635873769_jpg.rf.91caec7e998bb9c86dd4ef553160241b.jpg,643,41
1746635888494_jpg.rf.c6931c5be3211fc1d24c7234d15076a3.jpg,163,11
1746635899434_jpg.rf.64e156ff2811c32147f6c4b28afe4b72.jpg,487,41
1746635911984_jpg.rf.e2191aa017b169c237e70163ae6037eb.jpg,334,26
1746635932915_jpg.rf.2217a7030f3491306c1ce36a0fd5ec26.jpg,230,17
1746635962043_jpg.rf.2d27b774a3ca5f48cd8634594c34adbb.jpg,4,1
1746636005034_jpg.rf.268df7f7d272b851bca98c32ea043f3f.jpg,415,46
1746636018560_jpg.rf.b4b886c0873c08d88815a9f132b1d81d.jpg,848,62
1746767275838_jpg.rf.864fceacee68b0f66176d6cc8c81563e.jpg,47,8
1746767314620_jpg.rf.63e8d66b1f1dab6838de18928d7ff6c2.jpg,221,28
1746767327493_jpg.rf.1f9f58381a9ade4477c4358b79e6b090.jpg,256,30
1746767343151_jpg.rf.a8b720a5c1f02fc5e258a438c869b907.jpg,84,12
1746767354910_jpg.rf.d83665ef6b124d76fef6ba6923dd4ffa.jpg,322,26
1746767434379_jpg.rf.e6bb58d4aa8f69595c19a87d6a38692f.jpg,195,14
1746767461667_jpg.rf.ebe1116adc1373debe5b8516c1e3282a.jpg,96,9
1746767474050_jpg.rf.b7d1da9998525bbe23777e63dc56b63b.jpg,515,26
1746767500057_jpg.rf.f633850d0e81232fe3d3fa1f88154d7a.jpg,590,44
1746767512104_jpg.rf.4b977d8ae91934f131d285f5ccab85fc.jpg,279,34
1746767528528_jpg.rf.74b6b3ff6fa8bcb81f8520f9dac87a5c.jpg,209,19
1746767546631_jpg.rf.2b3319f643eb6d5fc4376460853844bf.jpg,62,7
1746767572918_jpg.rf.da419f4b136a2ebfc29e5682ab55763f.jpg,217,11
20160222-222652-56f5cc9f4c7a61c50fa8b774_jpg.rf.a8899298ba0e291a6e2785abd99d98e9.jpg,982,63
20241103_165144_jpg.rf.4bf648012fc6e4feb837aa5dfcea42a3.jpg,577,33
20241103_165304_jpg.rf.9fc6e9aff242aae8ac3e34a4eff3dc65.jpg,239,30
20241103_170636_jpg.rf.6fb4ad702917464c53a1ec24b96e55c4.jpg,1089,60
20241103_170830_jpg.rf.8c5c7a4c345705fbe2d61f2e3751143f.jpg,925,51
20241103_170841_jpg.rf.94124c6c68b5413ef9fb8d52ebadec95.jpg,305,40
20241103_170900_jpg.rf.1323d3314c69d8a2ce0f0b4ff40d3584.jpg,505,32
20241103_171207_jpg.rf.dcf40c5d7093a0569500367cf5caa43a.jpg,989,79
20241103_171324_jpg.rf.bdd3dd0478f1a760fbdd63da4a0d8e9f.jpg,439,33
20241103_171405_jpg.rf.503706c3da74db0d8a852795a0f47844.jpg,546,41
20241103_171558_jpg.rf.851142f68521574294ba4804d61ac2ee.jpg,397,40
20241103_171631_jpg.rf.4a49664d6de049df0f626d6319c4f358.jpg,384,40
230529230210-482_jpeg.rf.9a93eee2b921553cef5f97894116a5d2.jpg,677,33
91456335312dd1bd06e918e37e2324db_jpg.rf.31895bd81d5ca8c3aff6dbb4edc7422e.jpg,469,31
9549020a-b46f-4059-96ad-5fabac8b84ae_jpg.rf.ab32b3bcab935d022a058c3fc572b089.jpg,553,37
9db1fe25552288e082572f3c40047c5a_jpg.rf.b5c6ea82da65ec3fac160e27fec84dd7.jpg,761,66
db35d7723f5b9ecf974fd21afb5cd6e3_jpg.rf.929ff316cbd808ab9dbacacd6f280b9f.jpg,377,36
id-11134207-7r98v-lss3af4a2eopbb_jpeg.rf.45a562b5da7a293ec14f03ea0218d493.jpg,539,62
image101_jpeg.rf.560cf6dad7c95c7486974963806226db.jpg,158,13
image102_jpeg.rf.0067894886a4c18924816d52bf4997f9.jpg,546,30
image104_jpeg.rf.2f71ec6b7e3d452d892ec0adfba62eee.jpg,0,0
image105_jpeg.rf.a7e4b3ec1a7e20ea53b1c2a29c4bbcde.jpg,0,0
image109_jpeg.rf.f9e7d0c05b1bcb8daa3706bea880eb7a.jpg,0,0
image10_jpeg.rf.546bf3c31a14b93b225158eafc5b9d35.jpg,382,39
image110_jpeg.rf.ced3569228d7e2cf1499e54c5536fdb5.jpg,0,0
image111_jpeg.rf.43558eeab388b6d983a480da76dfdc19.jpg,0,0
image112_jpeg.rf.a8d68dcccd1b50ec23284cd4cb48c108.jpg,0,0
image113_jpeg.rf.b977858f62ffd407c9bbe943a9a76d88.jpg,0,0
image116_jpeg.rf.5748007000899307898a0f7aa7e4684b.jpg,0,0
image11_jpeg.rf.0472774c86c70301bfa4b6207c06223e.jpg,631,53
image123_jpeg.rf.1000c03f2b05a19214a65f6ee689115a.jpg,0,0
image124_jpeg.rf.5f71a511ee599dd39157da15105ddf51.jpg,0,0
image12_jpeg.rf.02c4d8440019f5ab086c9d04d8df3f80.jpg,323,27
image130_jpeg.rf.c46aa7e212d78d0864cfc6a16a2d789b.jpg,0,0
image131_jpeg.rf.228937352aa5ecd617ef87a17f3d2831.jpg,0,0
image136_jpeg.rf.645ca139e3f1c89dbbf2885448fecb08.jpg,0,0
image138_jpeg.rf.c04fca5d3eb10faa3263b896dbf8d38d.jpg,0,0
image139_jpeg.rf.da61318b2f20d228d2dc6715ac9e26df.jpg,0,0
image13_jpeg.rf.337c051f3d148579a217f59b36a1e536.jpg,754,63
image14_jpeg.rf.9ae08c85e31c7bd77429994dbc83e627.jpg,920,65
image15_jpeg.rf.8e0a58d7c0ff9e044db72483713d010e.jpg,997,61
image16_jpeg.rf.9c9cd320be51360eed068c1ffdee6a09.jpg,318,38
image18_jpeg.rf.3e1d5f0e3cf7d5c93a948b9ccad77fff.jpg,821,70
image19_jpeg.rf.5cbc3ab26cc846a81b64e279de05214f.jpg,548,43
image1_jpeg.rf.3d9431c8c6f0d15625e3741936d84545.jpg,696,82
image20_jpeg.rf.a362427da3bd948c3d664773a2bbbc54.jpg,776,49
image21_jpeg.rf.206d2d8546371334ae69f65a1ea70ccb.jpg,445,43
image22_jpeg.rf.7aa0400bbea0114f1a4ae2b415de64c2.jpg,465,47
image23_jpeg.rf.b2a45d60d9da4ab7081afd74402d9688.jpg,920,76
image24_jpeg.rf.549ea4872fb5634e1f6fe81439cdccda.jpg,789,49
image25_jpeg.rf.d784a5707d7793df5398f86218514708.jpg,345,27
image26_jpeg.rf.8108976100e2b956fc976bcd76c28680.jpg,739,33
image27_jpeg.rf.03b7d42c83d2fcc4b9918c9cb1745fdb.jpg,944,66
image28_jpeg.rf.31f5bc9374f7ba5b5dddab2cf446da97.jpg,886,74
image29_jpeg.rf.ac1c7f09a81d658c31de7c2019be2252.jpg,426,37
image2_jpeg.rf.906d2a80b08624fb598edc0a7b00765b.jpg,302,34
image30_jpeg.rf.99b8e8fa2253d828e692b29e8587a41f.jpg,766,69
image31_jpeg.rf.c034751d883e8fe352cab4a4cd673a7a.jpg,437,37
image32_jpeg.rf.4f80780a0547fc3c75f0ede70e98b755.jpg,779,69
image33_jpeg.rf.2ce5882c4d90574a32bdc7736a52df38.jpg,615,63
image34_jpeg.rf.f4ffd22e7b59d5c27e21ea56f0f6d356.jpg,214,20
image36_jpeg.rf.3248a1aa6056255b1b3f0876fa43b2c7.jpg,653,49
image37_jpeg.rf.86d525070d65cc269064755e0c8ee533.jpg,265,24
image38_jpeg.rf.f313b36379116188903b2ab1a1df7cbd.jpg,790,55
image39_jpeg.rf.dd6b3f132fbcf79ecc248cf7647bc134.jpg,539,58
image40_jpeg.rf.c75b3f4c4818357b4283c35aebf21988.jpg,631,32
image41_jpeg.rf.83b56c4a5cf6fdca0c1e12d2468bd5f4.jpg,1063,61
image42_jpeg.rf.76851f3ff89f7af683155b4687bae14c.jpg,973,52
image43_jpeg.rf.b7ec9a0e6246260f0e54696f018dfbb5.jpg,678,64
image44_jpeg.rf.44bf82b5b00f4a81325abb9f7ea4dc6a.jpg,733,35
image45_jpeg.rf.76a7582354a9d8ebe6f53cc7c51972cf.jpg,964,99
image46_jpeg.rf.1ce1b368558604581aebc6eb5bcba347.jpg,765,67
image47_jpeg.rf.2be6dcdda61950a092586aaa29b77cb3.jpg,965,76
image48_jpeg.rf.ad9dca8a01a10b73446299770946d239.jpg,314,29
image49_jpeg.rf.20dd9f50bded150f1c442ae6f6a10552.jpg,128,11
image4_jpeg.rf.701eae74f228e138fb5f74145f1e5b08.jpg,662,87
image50_jpeg.rf.7d1aca529b46e2ccf89c39ebf3490c8d.jpg,490,46
image51_jpeg.rf.081898e02628fbab2c3733caf9016887.jpg,520,40
image52_jpeg.rf.e452140d2c2794877b093150c116c051.jpg,536,46
image53_jpeg.rf.9d617ed9b25111bef0a363a97c1b2db6.jpg,641,56
image54_jpeg.rf.6e3e584c90535de91492ef490e9631bb.jpg,443,47
image55_jpeg.rf.46401e16fb22929342394036e5e92a81.jpg,634,47
image56_jpeg.rf.8de6ec290444e3c98bc359dff0d6e832.jpg,686,48
image57_jpeg.rf.77c57224f37f5fe4c86a8271d97c690f.jpg,644,41
image58_jpeg.rf.69136d31f9c2a5917eaf52ab57f971ad.jpg,202,26
image59_jpeg.rf.285835521674fef4b16d96e0a776b696.jpg,592,40
image5_jpeg.rf.767d26247b66e029ec87081188951b7e.jpg,885,58
image60_jpeg.rf.9ea12a6883d5e9c7d95c38240b80ab7b.jpg,386,32
image61_jpeg.rf.5ba2615c2ba26b20447163088db15108.jpg,457,55
image62_jpeg.rf.921d53e13f513dd1bd63b8fb5b5f2a5f.jpg,595,39
image63_jpeg.rf.fa0d88d08fc4cfd4bfaec2b8b767e478.jpg,495,44
image65_jpeg.rf.e8a0bdb5794ed0038d9d80c565742033.jpg,898,47
image66_jpeg.rf.c4d41dc7e3009e12dd05dcf5cc1d61ed.jpg,763,41
image67_jpeg.rf.2834decc3cc34ce6cb0d0bfb9acdcb76.jpg,232,22
image68_jpeg.rf.d48652047907a822b17dfa4c5f640dc1.jpg,1051,48
image69_jpeg.rf.6fdfa3a3d3cfeeda56f8e2270d0b75d8.jpg,745,57
image6_jpeg.rf.9c56bf97e441e70a96040d7228471a05.jpg,765,56
image70_jpeg.rf.10ed4bd5ddd26292b9526120d9e7fe75.jpg,739,65
image71_jpeg.rf.8bd3632fa61dfc3544927964af40b338.jpg,480,49
image72_jpeg.rf.099361912c6fdb467ee33f90578e466a.jpg,888,51
image73_jpeg.rf.e70b7d8d3571e70017aceb471432c872.jpg,538,51
image75_jpeg.rf.2a4d7b4e1684354fec0da1400c565927.jpg,532,61
image78_jpeg.rf.f5f613d22da9e31fd30483276833d413.jpg,1113,61
image7_jpeg.rf.cb731c7ae33dda2c6d49eccd6182ea48.jpg,947,67
image81_jpeg.rf.09b5f5e1e8505b36cc3e291e2363c04e.jpg,1040,54
image82_jpeg.rf.fd6ebc565968ab253bd0f28097222605.jpg,806,63
image83_jpeg.rf.f9f023678cf7955162be125260682165.jpg,675,34
image84_jpeg.rf.a339bf8e44ff4638b1d7dee06f21b4bc.jpg,685,85
image85_jpeg.rf.0cee56499e7b6fe4187dde8729ae9ad8.jpg,813,50
image89_jpeg.rf.d73c4a7dde3749692b56444fd0d16bf7.jpg,663,58
image91_jpeg.rf.ad4cf19e1f34dd0d8b458099128e9c2c.jpg,415,44
image92_jpeg.rf.9ed3a7abcb86e1ec3f6bdd0270a2efec.jpg,248,28
image94_jpeg.rf.4b6f78c7d0417bbc2e7ed15b0b0a704e.jpg,484,44
image96_jpeg.rf.58f8873033b712bb684d97114e6c1a36.jpg,152,17
image98_jpeg.rf.d27eee7c0b815f192ce89c7adc74c93a.jpg,299,33
image9_jpeg.rf.69304876248483055846a3e24851d441.jpg,424,43
image_85bb86ac-5358-46ee-8841-036760418da7_jpg.rf.528e1f1e414d6ec3b39df1f9fd47900a.jpg,514,32
images-2-_jpeg.rf.a23ebdc8331195a7151aa7d8291cce1d.jpg,0,0
IMG-20250321-WA0015_jpg.rf.786585c23dced731d60f5f01d9b01b6d.jpg,0,0
IMG-20250321-WA0017_jpg.rf.5f8b2323b5e9aa0935d7eb4df29d0fd0.jpg,0,0
IMG-20250321-WA0019_jpg.rf.789e3e8304b3ad3b87094bd5c10b3ae8.jpg,0,0
IMG-20250321-WA0021_jpg.rf.5ca090d42fe5e0e8994c7f3ed2d6b177.jpg,0,0
IMG-20250321-WA0025_jpg.rf.78b0b457769edd7904829c823bde3a08.jpg,0,0
IMG-20250321-WA0029_jpg.rf.2e5cab8a1bf4d54e473b431af225bded.jpg,0,0
IMG-20250321-WA0031_jpg.rf.ade6beafd62fe76677eb644552703ce3.jpg,0,0
IMG-20250321-WA0033_jpg.rf.4101f378f476d05b27fd18cc6fa06867.jpg,0,0
IMG-20250321-WA0037_jpg.rf.2c52900da0acf48baafbf5645ec0edf9.jpg,0,0
IMG-20250321-WA0043_jpg.rf.6035cc9cf0cf6af2794b5ba83540ad6c.jpg,0,0
IMG-20250509-WA0011_jpg.rf.1448d5128dd0b2e059128eb3a512cca1.jpg,0,0
IMG-20250509-WA0012_jpg.rf.b22c88062935e56edbe42e5a945d0317.jpg,0,0
IMG-20250509-WA0013_jpg.rf.5b94ad284239087b66df65631f4d935a.jpg,0,0
IMG-20250509-WA0014_jpg.rf.1fb7eab1c8c627377f0b0613214bdbd4.jpg,0,0
IMG-20250509-WA0015_jpg.rf.e8f8a440c31cb738f454fbac52b54e9a.jpg,0,0
IMG-20250509-WA0016_jpg.rf.e6bcdb6da80052a2e23d9cdb9540a62c.jpg,0,0
IMG-20250509-WA0017_jpg.rf.15e380235abf10a3c05576ad4f33f9be.jpg,0,0
IMG-20250509-WA0018_jpg.rf.3ddf68c770f279b264d0cf8a6a175cc7.jpg,0,0
IMG-20250509-WA0021_jpg.rf.6cfd5395282bcac3e358c01f00f454fb.jpg,0,0
IMG-20250509-WA0022_jpg.rf.ebd8595a09f1f2b6965579d1f6de57c9.jpg,0,0
IMG-20250509-WA0024_jpg.rf.de79a710136e50a9cd13db2a740651b5.jpg,0,0
IMG-20250509-WA0025_jpg.rf.9be49fdc38b6e25e53c49f42baf18f3c.jpg,0,0
IMG-20250509-WA0030_jpg.rf.f0cae2b3af6f30a8641301afc2ae9c4a.jpg,0,0
IMG-20250509-WA0032_jpg.rf.46991e4e2da75a4ac9678ea739eec783.jpg,0,0
IMG-20250509-WA0033_jpg.rf.b791d4ff853416e92bcec732ce852631.jpg,0,0
IMG-20250509-WA0035_jpg.rf.cbf58d669475da1dc3fd6ff9ede7f40f.jpg,0,0
IMG-20250509-WA0036_jpg.rf.a20669937b11775976da7cc98ada00aa.jpg,0,0
IMG-20250509-WA0039_jpg.rf.1970185470e9419f1bfa92999b973680.jpg,0,0
IMG-20250509-WA0040_jpg.rf.7197e4ed0b38eb12bdb02a08f2b76739.jpg,0,0
IMG-20250509-WA0041_jpg.rf.881b717b0aa51250f60854f10a41cc84.jpg,0,0
IMG-20250509-WA0042_jpg.rf.d11681824b4b126d21ddf3b00a86b4ba.jpg,0,0
IMG-20250509-WA0043_jpg.rf.d183bd2f710964b98c66014a456d70cf.jpg,0,0
IMG-20250509-WA0050_jpg.rf.4b09e480adc9fe9c0ad92692e3613b75.jpg,0,0
IMG-20250509-WA0052_jpg.rf.203bd64554e5b4300383d9752ae02f98.jpg,0,0
IMG-20250509-WA0055_jpg.rf.7ac3abc18692785b9aa1a312dd6756be.jpg,0,0
IMG-20250509-WA0056_jpg.rf.ff299a800d000c066304d17db7cae0a5.jpg,0,0
IMG-20250509-WA0059_jpg.rf.981e14d11c20d9055369fe9728d6474e.jpg,0,0
IMG-20250509-WA0060_jpg.rf.ef67b68cdf4f1a037128ae9769603236.jpg,0,0
IMG-20250509-WA0061_jpg.rf.9e912e9db20fb136e15c405ad746e3c2.jpg,0,0
IMG-20250509-WA0106_jpg.rf.fd0bf0364d171529d2d925c6ed497ca0.jpg,0,0
IMG-20250511-WA0007_jpg.rf.9f9eb83dda7d3320022276a2e93b2585.jpg,0,0
IMG-20250511-WA0008_jpg.rf.45f6ee247e757f1c416ffae88d25acea.jpg,0,0
IMG-20250511-WA0010_jpg.rf.04bf071c87e53ef950f96edb35081af6.jpg,0,0
IMG-20250511-WA0011_jpg.rf.2767b6043128d76e0e43b1aebb1d8c64.jpg,0,0
IMG-20250511-WA0012_jpg.rf.e28809ad7f03288b5680c275425c11a5.jpg,0,0
IMG-20250511-WA0013_jpg.rf.b93b970b21f68cf84f751722357c3142.jpg,0,0
IMG-20250511-WA0014_jpg.rf.ea2f99d051126d101fb20cc89cb70dd8.jpg,0,0
IMG-20250511-WA0016_jpg.rf.9fafb2efeace9504c3a0a8d173d24396.jpg,0,0
IMG-20250511-WA0018_jpg.rf.22f76723e71e19721ff3d83a6571ce55.jpg,0,0
IMG-20250511-WA0019_jpg.rf.bde85fa33e2823ffcf28d502da5a733e.jpg,0,0
IMG20250320200943_jpg.rf.54816860b5570fb097816b67220cdd77.jpg,0,0
IMG20250320201028_jpg.rf.9a584fe82d2346d7ef93e0ce8081e003.jpg,0,0
IMG20250320201622_jpg.rf.dda4ea32b819720efc6fc0366cc6be0b.jpg,0,0
IMG20250320201645_jpg.rf.b5d438a1bb37777fdf331c939c8f1874.jpg,0,0
IMG20250320202140_jpg.rf.055fa9f75d911a15fc0e74aed71a5570.jpg,0,0
IMG20250320202241_jpg.rf.46b7f25f7a49b500dae96b03ce46e9c9.jpg,0,0
IMG20250320202734_jpg.rf.3b56ae1f0a4b3c707abfb8ba08ddeea3.jpg,0,0
IMG20250320204150_01_jpg.rf.7873cd617e3ad602acd799de2a56d337.jpg,0,0
IMG20250320204652_jpg.rf.eced78fab18d1610608a20ab82ba61ef.jpg,0,0
IMG20250320205022_jpg.rf.d7fbba8961554d3d7389eac94ae497a7.jpg,0,0
IMG20250320205143_jpg.rf.e058d150d2e8b5fb413dca59288a3c22.jpg,0,0
IMG20250320205320_jpg.rf.7b4b20a47b3b55c01234d8264fee2df8.jpg,0,0
IMG20250509174533_jpg.rf.ddf72f93093a26ef0ab2285d9dbbf3a0.jpg,0,0
IMG20250509174600_jpg.rf.06f817cb39fb0664de0f83f641e47ca4.jpg,0,0
IMG20250509174648_jpg.rf.d3d532c5ec4d2dd26bc280447dd8d21a.jpg,0,0
IMG20250509174709_jpg.rf.1d966f5f74cb0367313ab9226c5b0f76.jpg,0,0
IMG20250509174739_jpg.rf.d7fdafa3c045df6a6c26ae77a8cc3f96.jpg,0,0
IMG20250509174802_jpg.rf.6f96a01c57e3784dec5063eddea3a9e8.jpg,0,0
IMG20250509174810_jpg.rf.dff5f21f31842fd4324566454adb1338.jpg,0,0
IMG20250509174839_jpg.rf.3260820396283ac82bc8f342cf9e9815.jpg,0,0
IMG20250509174925_jpg.rf.6489a73f3e38edeb6f8b3240ef6571b6.jpg,0,0
IMG20250509174950_jpg.rf.ebf5fe9c58cce4eea6e88a60fc4ddaf7.jpg,0,0
IMG20250509175006_jpg.rf.b0b37a521c57230bfb9edff31d6694b2.jpg,0,0
IMG20250509175013_jpg.rf.b6cc46eaeb489ff564049b0445c9c791.jpg,0,0
IMG20250509175025_jpg.rf.03b6d95f7a8fba2070c2b3c30f1b2684.jpg,0,0
IMG20250509175044_jpg.rf.0fec3c916938778c2cf5ce0f05bb0845.jpg,0,0
IMG20250509175135_jpg.rf.1a4dfa478012c084bec4736c02305331.jpg,0,0
IMG20250509175157_jpg.rf.ac982c7da6c76956c055e9ee83fe08db.jpg,0,0
IMG20250509175206_jpg.rf.82d9d233c2f8bd49da1fd0f3339d22a2.jpg,0,0
IMG20250509175351_jpg.rf.a2ed6869b603887f6096b07600c2027e.jpg,0,0
IMG20250509175408_jpg.rf.54801a153bb076e05bcfad7a1a1adce3.jpg,0,0
IMG20250509175503_jpg.rf.a206f36e1fc22366cb48fe5dc4beac9d.jpg,0,0
IMG20250509180828_jpg.rf.9212e4a21cfc9b6c3051e9f50ee025f3.jpg,0,0
IMG20250509180840_jpg.rf.1ba593f7e2b859ce0c8970290a7c6048.jpg,0,0
IMG20250509181036_jpg.rf.4078268f9fd1588fe7eea81fba4ebee5.jpg,0,0
IMG20250509181122_jpg.rf.59d0028055cd8f9e4ee38f2504ddb2ef.jpg,0,0
IMG20250509181235_jpg.rf.1cd309e6bf35b8b4b2114a640eaa4bda.jpg,0,0
IMG20250509181335_jpg.rf.05c27a381c776ac77d5c436dca7567d2.jpg,0,0
IMG20250509181737_jpg.rf.93cf2f45a4a8535fbd23f008188d4f1d.jpg,0,0
IMG20250509181826_jpg.rf.71fec1865fa419146ef2b8a7cd2ddff9.jpg,0,0
IMG20250509181928_jpg.rf.c2a50f3581e82cd1360147e92362fd64.jpg,0,0
IMG20250509182055_jpg.rf.c22b09ab6854857e489f9eefee78a560.jpg,0,0
IMG20250509182101_jpg.rf.0aac523afcd22f853faecad62302c3ca.jpg,0,0
IMG20250509182313_jpg.rf.7e7d2c534eb71b0b3017514649e3952e.jpg,0,0
IMG20250509182417_jpg.rf.c565418dd488d61e60e4de3ce973fe90.jpg,0,0
IMG20250509182455_jpg.rf.56d41109cc5546ff525027cf3bbbb27c.jpg,0,0
IMG20250509182520_jpg.rf.cdbf868429b5cd828599c8040cff4eaa.jpg,0,0
IMG20250509182528_jpg.rf.36f8691f12503edaabd815fed631fdf7.jpg,0,0
IMG20250509182553_jpg.rf.58f26890fe43ac3434df568167ae6339.jpg,0,0
IMG20250509182612_jpg.rf.1bfe93303ece89f013710b4e9d34c28f.jpg,0,0
IMG20250509182638_jpg.rf.7fd2975c830c08305955c046df9b75db.jpg,0,0
IMG20250509182645_jpg.rf.039094a5b519a323697d9a448bb38caa.jpg,0,0
IMG20250509182712_jpg.rf.aa96d4790edf1b36a9416592a51f27fc.jpg,0,0
IMG20250509182741_jpg.rf.bb70cf609a3f7f655d622c09d796d576.jpg,0,0
IMG20250509182800_jpg.rf.ffdf58ccf2a19c5bc9844170be51187b.jpg,0,0
IMG20250509182906_jpg.rf.8f5fd2a66f1696097f214422512b3fd6.jpg,0,0
IMG20250509182922_jpg.rf.e34749960248bf9bbc985a62abf5758e.jpg,0,0
IMG20250509183031_jpg.rf.cd9272ac2f7ed02f926637d67ccfbd1c.jpg,0,0
IMG20250509183042_jpg.rf.9aadb0ce39a0a2b1bb3b197ec99aa3ba.jpg,0,0
IMG20250509183057_jpg.rf.6a0ee126158178b961cac432261a92a4.jpg,0,0
IMG20250509202618_jpg.rf.0cc8c6b82625e2581bed9d24dc07d9c3.jpg,0,0
IMG20250509203241_jpg.rf.1ab91d93998c0487889fbfbb833abb5c.jpg,0,0
IMG20250509203248_jpg.rf.3547ed8b5e36268df1447698571dd18e.jpg,0,0
IMG20250509203344_jpg.rf.ca59b58e67b74ec5a69ac1ff966a104f.jpg,0,0
IMG20250509203443_jpg.rf.ecd6ffc93a12b7f27ea525d341ff1b91.jpg,0,0
IMG20250509203530_jpg.rf.c3094780bc80c22ec6ccab24f1bf67f3.jpg,0,0
IMG20250509204136_jpg.rf.53f5022d5b1bf506b8a4a02f859a19a4.jpg,0,0
IMG20250509204501_jpg.rf.e3a4904484c520c92e40a8261bc73dce.jpg,0,0
IMG20250509204708_jpg.rf.f7647ba311ed7c26ecb1c657de52fcc4.jpg,0,0
IMG20250509204750_jpg.rf.c1fc5e6aff31cd942436639309da5be6.jpg,0,0
IMG20250509204808_jpg.rf.8d932edeef82a6002db2eff92e0f52c3.jpg,0,0
IMG20250509204953_jpg.rf.2e6c5fd40435d92dd1329ff636548549.jpg,0,0
IMG20250509205246_jpg.rf.ab8652be606a58897559c0257732c253.jpg,0,0
IMG20250509205827_jpg.rf.c446fbea48c11b4df324cac92b83e521.jpg,0,0
IMG20250509205856_jpg.rf.1f7f3649dbba7057a602a6de37411627.jpg,0,0
IMG20250509205910_jpg.rf.f60063d977719724e9e6430cafaa8cef.jpg,0,0
IMG20250509205924_jpg.rf.e397f9527db709dbd18de93a863c14be.jpg,0,0
IMG20250509210018_jpg.rf.ab6c163ecf015a354db1bc8e01dadddd.jpg,0,0
IMG20250509210037_jpg.rf.9a69d6510fb54d1aa9998f50f34db4e3.jpg,0,0
IMG20250509210117_jpg.rf.8a3cb485cd956854e266547a75e9a19e.jpg,0,0
IMG20250509210207_jpg.rf.621281947dd9966a468dd71cc2f26c22.jpg,0,0
IMG20250509210617_jpg.rf.9873f52817f279fc94fff12dd498ee76.jpg,0,0
IMG20250509210718_jpg.rf.f66a5605d383f7622299c4399a8a3134.jpg,0,0
IMG20250509210732_jpg.rf.00b5d2b1571f79776911e522a7cb68f6.jpg,0,0
IMG20250509210755_jpg.rf.c74f22ac9ab4dba068277621fe7c0531.jpg,0,0
IMG20250509210830_jpg.rf.b72decb8b0c70500b16dacc8f6dfe715.jpg,0,0
IMG20250509210845_jpg.rf.397fe3d4308fd6f019ba9790067d70d8.jpg,0,0
IMG20250509210901_jpg.rf.69cd16e63e675a1f2eb1b4127c78d4f0.jpg,0,0
IMG20250509211102_jpg.rf.62a9e27c0103d6a12836388a25215b56.jpg,0,0
IMG20250509211110_jpg.rf.a73dac094d317ff13ce07636645ffa60.jpg,0,0
IMG20250509211121_jpg.rf.fc87d73c07e2e445e396c2bdefa6af4b.jpg,0,0
IMG20250511150154_jpg.rf.62b55151a24d031181b47eaf1b23ca72.jpg,0,0
IMG20250511150217_jpg.rf.8313acc0e75357b547a0c2e25c0e535b.jpg,0,0
IMG20250511150656_jpg.rf.b6b03099804e4f22c11f931aa6276cd5.jpg,0,0
IMG20250511150813_jpg.rf.f9e9b336315b6bca49c9c69c96921f11.jpg,0,0
IMG20250511150926_jpg.rf.71ce6d2973ed535500f613b5342b4f0e.jpg,0,0
IMG20250511151009_jpg.rf.ff160fbabb03257848c3adeff6953aae.jpg,0,0
IMG20250511151218_jpg.rf.596a1ee5f35961a671c67f725a1d0581.jpg,0,0
IMG20250511151303_jpg.rf.375d085ff3eddc289ac61b645f9889e1.jpg,0,0
IMG_1157_jpg.rf.8bc78ff19dba089caad376c8ad336d74.jpg,0,0
IMG_1166_jpg.rf.cab2466b03c6d7e14660d7056865e234.jpg,0,0
IMG_1181_jpg.rf.aa746443721a44d023daed23c3c77857.jpg,0,0
IMG_1182_jpg.rf.9f1ad13b7b63299d5a5e3f34757a2d8e.jpg,0,0
IMG_1191_jpg.rf.24c8760fd7cf52d25ee74ad36065a044.jpg,0,0
IMG_20241119_064521_jpg.rf.61cfb9f9a7df38af1232109f142c02fe.jpg,0,0
IMG_20241119_064821_jpg.rf.e255a92d47d53534ab9f9740699deddb.jpg,0,0
IMG_20241119_064847_jpg.rf.ecb91462b324797095b76449cfe17c5b.jpg,0,0
IMG_20241119_065038_jpg.rf.0996383e412b686a6bd6d41a53370bc3.jpg,0,0
IMG_20241119_065204_jpg.rf.463ec4d80a36036667b13bfbacc253db.jpg,0,0
IMG_20241119_065424_jpg.rf.d4f1b73b6a8dceb4552f767cf8cb06d4.jpg,0,0
IMG_20241119_070045_jpg.rf.edc92bbe962560fae56e08ca71d38d10.jpg,0,0
IMG_20241119_070157_jpg.rf.0b08cae3554d91db96a8dc241c460926.jpg,0,0
IMG_20241119_070247_jpg.rf.5c42d0ef03ab2580790a7b4f0c84264f.jpg,0,0
IMG_20241119_070349_jpg.rf.44a84d1fb292186af79851789a8d58e3.jpg,0,0
IMG_20241119_070401_jpg.rf.0d2288115ceb4fbb74c7ff4105106b3d.jpg,0,0
IMG_20241119_070435_jpg.rf.84f590696d7133f0777043e711d023cf.jpg,0,0
IMG_20241119_070532_jpg.rf.9e2b7b04f7368edfc3d35aee97de5556.jpg,0,0
IMG_20241119_070657_jpg.rf.62c559c052ae7bd9500216d5bc872840.jpg,0,0
IMG_20241119_070724_jpg.rf.cea723105e37aefbde73594ce5ed04b1.jpg,0,0
IMG_20241119_070745_jpg.rf.a7c0fc53d6adaf94108de76c6d92b905.jpg,0,0
IMG_20241119_070754_jpg.rf.529ebe32db201de1f491f02c1b1fd6f7.jpg,0,0
IMG_20241119_070806_jpg.rf.4bea5b610648d8d900567239f6765c62.jpg,0,0
IMG_20241119_070816_jpg.rf.21ba8fc5a70e92ce40f37fb8dafecf89.jpg,0,0
IMG_20241119_070836_jpg.rf.db13518aa24dfa5ffafc5fc6c3c214d5.jpg,0,0
IMG_20241119_070939_jpg.rf.2121a8a586ca6b98f4476b5d4a066b52.jpg,0,0
IMG_20241119_071121_jpg.rf.6932ea30db9c50ba6b652d396dcfa003.jpg,0,0
IMG_20241119_071146_jpg.rf.44229bf18d14e6c4393fba03d723b179.jpg,0,0
IMG_20241119_071205_jpg.rf.8ae78f310048297279586a2e755dffae.jpg,0,0
IMG_20250221_100226_jpg.rf.452a566231ec0bb43d240ea6bf4e5300.jpg,0,0
IMG_20250305_034345_jpg.rf.d8148ab46f298864b2f4a0c6372ec998.jpg,0,0
IMG_20250320_195008_jpg.rf.99e2425fbc8f08f323983ce24e3f4434.jpg,0,0
IMG_20250507_150218_183_jpg.rf.e1bdeacdd78101afe95800caa86dd251.jpg,0,0
IMG_20250507_150228_098_jpg.rf.27ac034ac86f595640b32602454213cc.jpg,0,0
IMG_20250507_150246_279_jpg.rf.e42edbaceb23abcf67bd9dcb52f41137.jpg,0,0
IMG_20250507_150255_261_jpg.rf.b109a0efdc0ef4c6736d65668be8e41b.jpg,0,0
IMG_20250507_150625_475_jpg.rf.586f1feb7b397b32cacde2a509eba4f6.jpg,0,0
IMG_20250507_150747_521_jpg.rf.fd6237eae8e6257c63babffa7159d4e9.jpg,0,0
IMG_20250507_150802_477_jpg.rf.47fdeca7bcf747ffbc33760f3e434871.jpg,0,0
IMG_20250507_150819_683_jpg.rf.80228da8df6fcf5e2d63056ad6eca347.jpg,0,0
IMG_20250507_150838_237_jpg.rf.a80832d34ce3da271fcc1828feb03171.jpg,0,0
IMG_20250507_151030_701_jpg.rf.2f0db7d95de99a69cb7553da164aab28.jpg,0,0
IMG_20250507_154132_738_jpg.rf.b7200dc8639f4699f1dad5ed7dd56680.jpg,0,0
IMG_20250507_154345_987_jpg.rf.1dd2a18b2b3069e521d23dcb8aa000c4.jpg,0,0
IMG_20250507_154539_238_jpg.rf.6c4852765ec0aef587dbd06581cbdfd8.jpg,0,0
IMG_20250507_154606_823_jpg.rf.12b8c3f854220170e89d1385e7c8b3f9.jpg,0,0
IMG_20250507_154616_271_jpg.rf.57f68d01ac9edd771e9c0e2f6beb9059.jpg,0,0
IMG_20250507_154639_220_jpg.rf.87eff0c6b74355ba4f1fc7df7d58fc86.jpg,0,0
IMG_20250507_154802_573_jpg.rf.078db740fd8ab58df1015965af0300b5.jpg,0,0
IMG_20250507_154816_714_jpg.rf.493aba782bd3e1afa1c015a8c52e0460.jpg,0,0
IMG_20250507_154933_696_jpg.rf.6b316c255d70b470fc69eca13abec5ae.jpg,0,0
IMG_20250507_154948_117_jpg.rf.1650389e005bd46fab8c69b59c53aba1.jpg,0,0
IMG_20250507_155002_090_jpg.rf.669587226ecbb717c9e0f698ac47489d.jpg,0,0
IMG_20250507_184356_352_jpg.rf.c14420ebb3171325d754314f1f3f5a58.jpg,0,0
IMG_20250507_184407_674_jpg.rf.250de0a33fa314ac08e7d4d06434a2ba.jpg,0,0
IMG_20250507_184434_332_jpg.rf.186f59540ef6e062bdfb118413c48006.jpg,0,0
IMG_20250507_184612_732_jpg.rf.2f2723c5642301e996c47cdf458df4d9.jpg,0,0
IMG_20250507_184621_193_jpg.rf.c26c37764231b6f5ff5bfbab9b8c9caf.jpg,0,0
IMG_20250507_184706_577_jpg.rf.3deb2f7452bfc2c3a1f8aceee88702d1.jpg,0,0
IMG_20250507_184816_936_jpg.rf.6ced7b559182114fa1a533f914579d20.jpg,0,0
IMG_20250507_184838_953_jpg.rf.a32dcf6d8e25e9b4c536f6c079ed3969.jpg,0,0
IMG_20250507_184850_536_jpg.rf.3009a9de2fd4fdc27d3549605960ec87.jpg,0,0
IMG_20250507_185016_485_jpg.rf.ebdc4f459ac5c4cdbad1ba7404908ffa.jpg,0,0
IMG_20250507_232257_480_jpg.rf.dd2699e1f8060272ca741f34ce4be70d.jpg,0,0
IMG_20250507_232307_541_jpg.rf.c4624b2ce31d6ce2956c0aaf113f8aeb.jpg,0,0
IMG_20250507_232318_506_jpg.rf.134c04861ec5d9e0127916b23966dff5.jpg,0,0
IMG_20250507_232345_425_jpg.rf.f7b401d740c3f380d330e4b95d18b078.jpg,0,0
IMG_20250507_232515_029_jpg.rf.b733185695bb66d5f78ff7652a938e93.jpg,0,0
IMG_20250507_232525_801_jpg.rf.263925c40a752a9233a8c777460e99ce.jpg,0,0
IMG_20250507_232617_975_jpg.rf.ed749edd0a0e2d339be2a7f1e84d8731.jpg,0,0
IMG_20250507_232628_317_jpg.rf.abcc623b08da5c4bccd29ccb86675ff7.jpg,0,0
IMG_20250507_232639_823_jpg.rf.a770afcdd720dca5d86375bc475c69e6.jpg,0,0
IMG_20250507_232806_713_jpg.rf.3819550fb3662dd9277380ee7ebc07f9.jpg,0,0
IMG_20250507_232954_633_jpg.rf.dc657a4b18fa651d046fbcd9be6f12a4.jpg,0,0
IMG_20250507_233017_030_jpg.rf.970ae4136236af2800fd9d1a9290bf77.jpg,0,0
IMG_20250507_233026_740_jpg.rf.0ac56119d1db834ac1e96f81105d9f4f.jpg,0,0
IMG_20250507_233118_418_jpg.rf.65f1515c8271e01be7c52098f0c2660b.jpg,0,0
IMG_20250507_233200_616_jpg.rf.921e439e9faddbaacd5bcb365a4505e2.jpg,0,0
IMG_20250507_233304_992_jpg.rf.987ce6d40a5175434ef489410ecc51df.jpg,0,0
IMG_20250507_233625_408_jpg.rf.60112c30f2c64b992540474ce42365aa.jpg,0,0
IMG_20250507_233709_733_jpg.rf.52b011f2ce7dc969fa78a69adeb0c44f.jpg,0,0
IMG_20250507_233721_568_jpg.rf.6a91695c91706099390e88c781c177af.jpg,0,0
IMG_20250508_183544_831_jpg.rf.a837d9446e9afdf877ca1df919f3e2c2.jpg,0,0
IMG_20250508_185318_jpg.rf.627f2b0a2982035acf812612762e0794.jpg,0,0
IMG_20250508_191146_jpg.rf.24d1d5e8b38cec0e4a7565ff79debcbc.jpg,0,0
IMG_20250508_191158_jpg.rf.45a03b37694a6ab38a760c21c0fcf3d1.jpg,0,0
IMG_20250508_191305_jpg.rf.7f81331ae3f645a9b47874fa8e192bde.jpg,0,0
IMG_20250508_192616_jpg.rf.b4d6b17fa6181ae10a4ead62efcdccbe.jpg,0,0
IMG_20250508_192713_jpg.rf.2572487994d350918e836ed115d621ba.jpg,0,0
IMG_20250508_192724_jpg.rf.2fbc63648a9d9a0238003e97d0ea1388.jpg,0,0
IMG_20250508_192823_jpg.rf.53c074e3a74d12033b9e69ea511da99b.jpg,0,0
IMG_20250508_192833_jpg.rf.a9a2473b4c900902552ee86d76224668.jpg,0,0
IMG_20250508_193350_jpg.rf.6a9f13693bf9dd280ebce2b661a7eadc.jpg,0,0
IMG_20250508_193601_jpg.rf.e50650cd75a0a905188bbe31e84990f0.jpg,0,0
IMG_20250508_193613_jpg.rf.0234d5763200e43c4c4423792a8614e4.jpg,0,0
IMG_20250508_193640_jpg.rf.6c32296170462144d9fc0f54313f2dee.jpg,0,0
IMG_20250508_193651_jpg.rf.436a757c53a45b9790478c6c3a113ca8.jpg,0,0
IMG_20250508_193803_jpg.rf.0fc3cc99f13a36af26545a3b5e13ae50.jpg,0,0
IMG_20250508_193816_jpg.rf.1d6ffcd26fd60a70ee231073c4e216b5.jpg,0,0
IMG_20250508_193825_jpg.rf.cd36a0b9c2897b5a34e5fdbd1094f1b6.jpg,0,0
IMG_20250508_193853_jpg.rf.408a3c1c848fe77835599bfd86d13948.jpg,0,0
IMG_20250508_193958_jpg.rf.89b8568a36701907793176275e74fcb9.jpg,0,0
IMG_20250508_194009_jpg.rf.90b091314d5d5972ba4da1b8ef7f5cb8.jpg,0,0
IMG_20250508_194022_jpg.rf.b533b6900bc293106ba39f9b83b63739.jpg,0,0
IMG_20250508_194045_jpg.rf.b29d30ab6639b667490009e2f929fbb5.jpg,0,0
IMG_20250508_194619_jpg.rf.7327c1fb69af7bf6cdc4f757fda465a2.jpg,0,0
IMG_20250508_194633_jpg.rf.aff734fdd8cef57137b97f83f549c5c0.jpg,0,0
IMG_20250508_194652_jpg.rf.905a36d5ae19b79a637db248124639f5.jpg,0,0
IMG_20250508_194707_jpg.rf.6505777a2701c7f68647eb5e66b71ab3.jpg,0,0
IMG_20250508_194722_jpg.rf.16b6f8648c04c1f51e1e2863753aaa3a.jpg,0,0
IMG_20250508_194801_jpg.rf.5f55cc43b8647803b48551922f201cdc.jpg,0,0
IMG_20250508_194816_jpg.rf.0871d3429d9f7a8f87cbd806162756d7.jpg,0,0
IMG_20250508_194828_jpg.rf.7daf05177fecb8b26c91234d9e0c33d6.jpg,0,0
IMG_20250508_194903_jpg.rf.a65b67d348bcc076e8a47b57437ff790.jpg,0,0
IMG_20250508_194913_jpg.rf.0edea2f0f284caabe776cfcbb91623d1.jpg,0,0
IMG_20250509_000924_951_jpg.rf.60d6ac8b9e625276c7fd7c82bf5586a4.jpg,0,0
IMG_20250509_000952_443_jpg.rf.3a8cdc1c70d7db34291f20eff9f8d64a.jpg,0,0
IMG_20250509_001003_243_jpg.rf.433e586ebdc3390f229b5c0930fd7eda.jpg,0,0
IMG_20250509_001011_733_jpg.rf.9da3a2d52e16c370eaa10496c10aca4c.jpg,0,0
IMG_20250509_001019_567_jpg.rf.e6625e982d70ae583b52103222beaa94.jpg,0,0
IMG_20250509_001027_806_jpg.rf.8e7dfd34c720f583079b9077a1e4d6f3.jpg,0,0
IMG_20250509_001038_034_jpg.rf.f724738eb2dde90b32250f617e3809e2.jpg,0,0
IMG_20250509_001434_462_jpg.rf.4fe735525be2a038b48a843c36820ab7.jpg,0,0
IMG_20250509_001539_053_jpg.rf.90e7f747c5fb9550aae72f5ecd1f4198.jpg,0,0
IMG_20250509_001647_617_jpg.rf.62d4d0c88a89e4aa44a9f869081df65c.jpg,0,0
IMG_20250509_001656_332_jpg.rf.ea0e28d211dd10f45311a712a2dedbc0.jpg,0,0
IMG_20250509_001918_368_jpg.rf.91ac94c263cb1effe0459c8db14a0727.jpg,0,0
IMG_20250509_001941_792_jpg.rf.81329abd2d1683a9f10a02fc060f4f2a.jpg,0,0
IMG_20250509_002040_453_jpg.rf.ffcb4a4e7d43ff05d2eb7fb069600cec.jpg,0,0
IMG_20250509_002052_195_jpg.rf.6278ee67e728faa7974ede008fc24fab.jpg,0,0
IMG_20250509_002346_773_jpg.rf.93a3e97949d7cf5b1d9a78b39425612a.jpg,0,0
IMG_20250509_002429_277_jpg.rf.60b4554838b5851e2e6c7368ec711917.jpg,0,0
IMG_20250511_191053_jpg.rf.4eea2e879aaa9acf064bd43da71ce4fb.jpg,0,0
IMG_20250919_164250_jpg.rf.9e826b1121fecca454fb3632a32bc7a4.jpg,0,0
IMG_20250919_164335_jpg.rf.67464112758c4e7172bf041844125bd7.jpg,0,0
IMG_20250919_164417_jpg.rf.7028337e1dd11ac0d0bab28556526a90.jpg,0,0
IMG_20250919_164524_jpg.rf.7b6cee55422cac5cbb0a56dacab0158e.jpg,0,0
IMG_20250919_164610_jpg.rf.2210b1e38a826a1edf45ec0ee4c03561.jpg,0,0
IMG_20250919_164805_jpg.rf.5e4fc5cf98a00c0d1d2d3aedaa943229.jpg,0,0
IMG_20250919_164842_jpg.rf.0684dc4442b6bba630db6f26c90446b6.jpg,0,0
IMG_20250919_164931_jpg.rf.6e71325c14aadb520850343bc25c934d.jpg,0,0
IMG_20250919_165045_jpg.rf.e5071ad5d11382b4966980ec8335cf3f.jpg,0,0
IMG_20250919_165152_jpg.rf.4b27f564a49e70bc5d8a699644d0509b.jpg,0,0
IMG_20250919_165337_jpg.rf.28c9804c55fcb205a8180ed888d1c2c9.jpg,0,0
IMG_20250919_165415_jpg.rf.2b40b4d4aae8409a3fcc5b5896cc9ab4.jpg,0,0
IMG_20250919_165451_jpg.rf.d94d962b4ff85cbd5c426dcbea74465d.jpg,0,0
IMG_20250919_165529_jpg.rf.1ebe987480523043f6e72c4f235b2520.jpg,0,0
IMG_20250919_165604_jpg.rf.a0898eb334a7a8380b395fc3e99a1852.jpg,0,0
IMG_20250919_165636_jpg.rf.13afbf87de17b3e3bdc74dce550cb047.jpg,0,0
IMG_20250919_165728_jpg.rf.e285fc365e7c01d32b24de854bc487d0.jpg,0,0
IMG_20250919_165843_jpg.rf.d5b2f0bd573b7c114f90aa82af2828f8.jpg,0,0
IMG_20250922_184909_jpg.rf.7655da2720795dd383ca5360021c10cf.jpg,0,0
IMG_20250922_184932_jpg.rf.9c4b23f78a99730a77a1a36fd524887a.jpg,0,0
IMG_2710_jpg.rf.ab0261622db6d273606eb68301291f8f.jpg,0,0
IMG_2713_jpg.rf.8f4fb0822a922ceeaeea686d483b6266.jpg,0,0
IMG_2823_jpg.rf.5a0ab486fb66286d437de5fe1df3584b.jpg,0,0
IMG_2835_jpg.rf.01b7d9d1b15a033f0e88b302495eace4.jpg,0,0
IMG_2837_jpg.rf.43b45551afcf3943d7d0c16f1530aaa4.jpg,0,0
IMG_2839_jpg.rf.c2180a7dfd25e628ad59400aee632b31.jpg,0,0
IMG_2840_jpg.rf.45d6dd8c6add02e35c21afff463ff3d2.jpg,0,0
IMG_2842_jpg.rf.b94c7799c5ea4e786b9478705feb69f7.jpg,0,0
IMG_2843_jpg.rf.bddc342dbc70a7a247b13783c0cd5cde.jpg,0,0
IMG_2899_jpg.rf.3a473df0c39cc09a05929ea532134f54.jpg,0,0
IMG_2945_jpg.rf.84c21c03af0f7d004cb9262756a4257f.jpg,0,0
IMG_2949_jpg.rf.63611ba33772d79e7bec6f5e07ebf0f8.jpg,0,0
IMG_2951_jpg.rf.ce1284858ef19ba95295345dbcccb6f9.jpg,0,0
IMG_2952_jpg.rf.a20d62671a2300d6990370bea7bc4f5a.jpg,0,0
IMG_2953_jpg.rf.0da0451a8e5e61deaef671fd61f7b2de.jpg,0,0
IMG_2954_jpg.rf.cb67b541e688db5b6c39a89f84afaa2a.jpg,0,0
IMG_3210_jpg.rf.34f83b6006eba81b4e6c2f43b1eade38.jpg,0,0
IMG_3211_jpg.rf.c2dfc010c4663c063dae4272b1b6ea9f.jpg,0,0
IMG_3212_jpg.rf.897bd91cd13455c445058f271d499fcb.jpg,0,0
IMG_3285_jpg.rf.185a689a345a0c4e7ea1dc857365fdb3.jpg,0,0
IMG_8501_jpg.rf.20197b7270d900b408425a8605ff2d56.jpg,0,0
IMG_8529_jpg.rf.5f83fd877421bb56c831a862f735ae2a.jpg,0,0
IMG_8532_jpg.rf.b1c99577e8937193f2719d44c898201e.jpg,0,0
IMG_8534_jpg.rf.9db9a4ddd448b99ecd5d9281945f08a0.jpg,0,0
IMG_8535_jpg.rf.26e96f77dc918f0aa144e353b6a3943f.jpg,0,0
IMG_8540_jpg.rf.2641284d88a4d21848915c0646c854b3.jpg,0,0
IMG_8552_jpg.rf.f6243887f74edb5491b33284a99defa6.jpg,0,0
IMG_8567_jpg.rf.db3b33647150d3078eb2191d7172a655.jpg,0,0
IMG_8568_jpg.rf.bc9728c3ad1becd5c023af8af4990c68.jpg,0,0
IMG_8572_jpg.rf.a1a4fd9d5128f1e76e4abc5c95d8883c.jpg,0,0
IMG_8573_jpg.rf.c3e61ae461a1527e7ea10e7405a047fe.jpg,0,0
IMG_8579_jpg.rf.c503d4bd961fdf68676ea79cb3a01e9a.jpg,0,0
IMG_8581_jpg.rf.140fe0630651ca475dcbedc607444993.jpg,0,0
IMG_8590_jpg.rf.7f1b207f112ec9974fdaf91a514a7a10.jpg,0,0
IMG_8783_jpg.rf.2ecb7e25c32f19d7786be55e14b6fad5.jpg,0,0
nutrition_en_13_full-1_jpg.rf.0b3c9b9caccca43b5e82fed014a0004e.jpg,0,0
nutrition_en_13_full_jpg.rf.c9f660988cab061b5ee986a220ccb4b0.jpg,0,0
nutrition_en_26_full_jpg.rf.3fc1a640cdc3f5c3a97ce958a72b6b9d.jpg,0,0
nutrition_en_7_full-2_jpg.rf.47494cab1b65ed1fe73a2514d4b5d556.jpg,0,0
nutrition_en_8_400_jpg.rf.e4804cb7c41a5633a8516da971e12998.jpg,0,0
nutrition_id_14_full_jpg.rf.0a6f2a1ed427ffbac7e2067ad39cf83b.jpg,0,0
nutrition_id_20_full-1_jpg.rf.57fbc6548ccc174a348035f962a7ed40.jpg,0,0
o48ZQYJhZhE6DOkQAAKBACC9bCxxiPPEBA8iI-tplv-tej9nj120t-origin_webp.rf.6780ae736fb8a84db6c6df400cdf913d.jpg,0,0
P_20170730_194320_jpg.rf.c52070b9ca46f2bc43d10be2dcf7112d.jpg,0,0
WhatsApp-Image-2025-05-09-at-21_25_10_c3be3972_jpg.rf.5cede1af6458959a5ebecd77746cdd88.jpg,0,0
WhatsApp-Image-2025-05-09-at-21_50_09_046ea711_jpg.rf.886087984c61acb5b1fee0bd57bd087b.jpg,0,0
WhatsApp-Image-2025-05-09-at-21_51_10_0a3f1377_jpg.rf.779d86403d8adc0da7fd750b76734a3f.jpg,0,0
WhatsApp-Image-2025-05-09-at-21_51_49_ea2b8ce7_jpg.rf.d931e09c784809e60bed25156ebc03ce.jpg,0,0
WhatsApp-Image-2025-05-09-at-22_07_41_994d2ecb_jpg.rf.304e2c191cfb8941ed2ef47b9b72c19b.jpg,0,0
WhatsApp-Image-2025-05-11-at-17_03_35_fd77db57_jpg.rf.c3515df72ad9c11f374b8b7385a562a8.jpg,0,0
